<CatalogUI>
  <Database name="IRIS">
    <Query Version="10.0002" height="549" name="HoleFoodsTransactions" spaneHeight="264" type="IRIS" width="720" x="90" y="95">
      <QueryTable databaseType="IRIS" height="140" name="SalesTransaction" queryType="HoleFoodsTransactions" width="140" x="15" y="15"></QueryTable>
      <QueryTable databaseType="IRIS" height="140" name="Outlet" queryType="HoleFoodsTransactions" width="140" x="15" y="170"></QueryTable>
      <QueryTable databaseType="IRIS" height="140" name="Product" queryType="HoleFoodsTransactions" width="140" x="170" y="15"></QueryTable>
      <QueryTable databaseType="IRIS" height="140" name="Country" queryType="HoleFoodsTransactions" width="140" x="325" y="15"></QueryTable>
      <QueryTable databaseType="IRIS" height="140" name="Region" queryType="HoleFoodsTransactions" width="140" x="480" y="15"></QueryTable>
    </Query>
  </Database>
</CatalogUI>